{"count":16,"results":[{"id":1,"name":"Hello, World!","description":"Flag is ```njccic{it-worked!}```","max_attempts":0,"value":10,"category":"","type":"standard","state":"visible","requirements":null,"connection_info":null,"next_id":null,"attribution":null,"logic":"any","initial":null,"minimum":null,"decay":null,"function":"static"},{"id":2,"name":"Robots","description":"What is the second user agent NJCCIC disallows ```/``` on their website?\r\n\r\n[NJCCIC](https://cyber.nj.gov)","max_attempts":0,"value":50,"category":"Web","type":"standard","state":"visible","requirements":null,"connection_info":null,"next_id":null,"attribution":null,"logic":"any","initial":null,"minimum":null,"decay":null,"function":"static"},{"id":3,"name":"Sneaky Robots","description":"Robots are everywhere... some could even be *[here](http://njccic9.ddns.net)*...","max_attempts":0,"value":30,"category":"Web","type":"standard","state":"visible","requirements":null,"connection_info":null,"next_id":null,"attribution":null,"logic":"any","initial":null,"minimum":null,"decay":null,"function":"static"},{"id":5,"name":"Bees","description":"Did you know QR codes could store tons of data?","max_attempts":0,"value":20,"category":"Image","type":"standard","state":"visible","requirements":null,"connection_info":null,"next_id":null,"attribution":null,"logic":"any","initial":null,"minimum":null,"decay":null,"function":"static"},{"id":6,"name":"Apache Default Page","description":"This challenge is really easy. Read the file to get the flag.\r\n\r\n[Instructions](https://raw.githubusercontent.com/aidanlenahan/njccic9-ctf/refs/heads/main/image/apache-default-page/instructions.png)\r\n\r\nhttps://github.com/aidanlenahan/njccic9-ctf/blob/994117ae3b9361e7a38c31eb75cb2a7214dd4748/image/apache-default-page/Apache2-default.png","max_attempts":0,"value":30,"category":"Image","type":"standard","state":"visible","requirements":null,"connection_info":null,"next_id":null,"attribution":null,"logic":"any","initial":null,"minimum":null,"decay":null,"function":"static"},{"id":7,"name":"Buttons","description":"Try to mess around with the buttons on [this website](https://aidanlenahan.github.io/njccic9-ctf) under construction.","max_attempts":0,"value":20,"category":"Website Under Construction","type":"standard","state":"visible","requirements":null,"connection_info":"https://aidanlenahan.github.io/njccic9-ctf","next_id":null,"attribution":null,"logic":"any","initial":null,"minimum":null,"decay":null,"function":"static"},{"id":8,"name":"404","description":"Which page shows up when you try accessing a page that doesn't exist?\r\n\r\nhttps://aidanlenahan.github.io/njccic9-ctf/","max_attempts":0,"value":20,"category":"Website Under Construction","type":"standard","state":"visible","requirements":null,"connection_info":null,"next_id":null,"attribution":null,"logic":"any","initial":null,"minimum":null,"decay":null,"function":"static"},{"id":9,"name":"Pattern in Paragraph","description":"Look closely at the paragraphs on [this](https://aidanlenahan.github.io/njccic9-ctf/elements.html) page.\r\n\r\nThere should be a pattern in a few certain words...","max_attempts":0,"value":40,"category":"Website Under Construction","type":"standard","state":"visible","requirements":null,"connection_info":null,"next_id":null,"attribution":null,"logic":"any","initial":null,"minimum":null,"decay":null,"function":"static"},{"id":10,"name":"Metadata","description":"Take a look at a few of the images on the [website](https://aidanlenahan.github.io/njccic9-ctf). Maybe you can find the flag using one of the images...","max_attempts":0,"value":40,"category":"Website Under Construction","type":"standard","state":"visible","requirements":null,"connection_info":null,"next_id":null,"attribution":null,"logic":"any","initial":null,"minimum":null,"decay":null,"function":"static"},{"id":11,"name":"403","description":"Why do I get a 403 error when trying to access [this page?](https://aidanlenahan.github.io/njccic9-ctf/postlogin.html) If only there was a way...","max_attempts":0,"value":50,"category":"Website Under Construction","type":"standard","state":"visible","requirements":null,"connection_info":null,"next_id":null,"attribution":null,"logic":"any","initial":null,"minimum":null,"decay":null,"function":"static"},{"id":12,"name":"Search","description":"Try **searching** for this flag. Not all parts of [this website](https://aidanlenahan.github.io/njccic9-ctf) work, so maybe there are some parts of the website that are not implemented.","max_attempts":0,"value":40,"category":"Website Under Construction","type":"standard","state":"visible","requirements":null,"connection_info":null,"next_id":null,"attribution":null,"logic":"any","initial":null,"minimum":null,"decay":null,"function":"static"},{"id":13,"name":"Rotazione","description":"Decodifica haec, vexillum circumdatum est solitis \"njccic{\" et \"}\":\r\n\r\n```alczlj-trvjri-nflcu-sv-giflu```","max_attempts":0,"value":20,"category":"Cryptography","type":"standard","state":"visible","requirements":null,"connection_info":null,"next_id":14,"attribution":null,"logic":"any","initial":null,"minimum":null,"decay":null,"function":"static"},{"id":14,"name":"Words Unlock","description":"What language were the instructions of the [Rotazione](http://http://njccic9.ddns.net/challenges#Rotazione-13) challenge in?\r\n\r\n```yjvkvn{feit-fnewpvew!}```","max_attempts":0,"value":30,"category":"Cryptography","type":"standard","state":"visible","requirements":null,"connection_info":null,"next_id":null,"attribution":null,"logic":"any","initial":null,"minimum":null,"decay":null,"function":"static"},{"id":15,"name":"Base 16 (^16)","description":"<strong>Warning: this challenge is annoying.</strong>\r\n\r\n[Good luck!](https://raw.githubusercontent.com/aidanlenahan/njccic9-ctf/refs/heads/main/cryptography/base16/challenge.txt)\r\n","max_attempts":0,"value":100,"category":"Cryptography","type":"standard","state":"visible","requirements":null,"connection_info":null,"next_id":null,"attribution":null,"logic":"any","initial":null,"minimum":null,"decay":null,"function":"static"},{"id":16,"name":"Old Compression, Older Mistakes","description":"A vulnerability reported before 2015 affected a messaging service from Novell. It could be exploited remotely by sending an unusually long Accept-Language header to its default port. Find the CVE entry and extract the necessary information to form the flag. The flag contains the last four digits of the CVE number, a hyphen, as well as the exploited port number.\r\n\r\nExample: ```njccic{0751-8080}```, first four digits from CVE-2010-0751, next four digits representing port 8080","max_attempts":0,"value":40,"category":"OSINT","type":"standard","state":"visible","requirements":null,"connection_info":null,"next_id":null,"attribution":null,"logic":"any","initial":null,"minimum":null,"decay":null,"function":"static"},{"id":17,"name":"Layers","description":"```=0TS300VTp0TNR1MThEW10ESUl1UYVjQPdFR0EEWzYUT```\r\nrot13 => base32 => base64 => reverse","max_attempts":0,"value":50,"category":"Cryptography","type":"standard","state":"hidden","requirements":null,"connection_info":null,"next_id":null,"attribution":null,"logic":"any","initial":null,"minimum":null,"decay":null,"function":"static"}],"meta":{}}