{"count":4,"results":[{"id":1,"type":"standard","location":"5fc9951683365a07eb11ce49402697e3/favicon.ico","challenge_id":null,"page_id":null,"sha1sum":"2a3f2f5051a23abc4c3acee01f8c9c02147f6084","solution_id":null},{"id":2,"type":"standard","location":"2b03a356e4585221232b6dab9e2e8a34/favicon-3.png","challenge_id":null,"page_id":null,"sha1sum":"92b144b804698a89d23096e225e39e96c6cffc9c","solution_id":null},{"id":3,"type":"standard","location":"26bfaf8343ebb53a9c72e840eb69d5ad/njccic-banner.png","challenge_id":null,"page_id":null,"sha1sum":"93fb3052e9a0d1daad30c8834633f1522f215572","solution_id":null},{"id":5,"type":"challenge","location":"07aedffa481e8220cdf0b7da5def53ae/bee.png","challenge_id":5,"page_id":null,"sha1sum":"9283c997473352fcba7dd328ca603fc4da70db30","solution_id":null}],"meta":{}}