{"count":15,"results":[{"id":1,"challenge_id":1,"type":"static","content":"njccic{it-worked!}","data":""},{"id":2,"challenge_id":2,"type":"static","content":"njccic{Yandex}","data":"case_insensitive"},{"id":3,"challenge_id":3,"type":"static","content":"njccic{beep-boop}","data":""},{"id":5,"challenge_id":5,"type":"static","content":"njccic{h0n3y}","data":""},{"id":6,"challenge_id":6,"type":"static","content":"njccic{wr0ng-f!le-3xt}","data":""},{"id":7,"challenge_id":7,"type":"static","content":"njccic{Y0u-Found-m3}","data":""},{"id":8,"challenge_id":8,"type":"static","content":"njccic{S3CR3T-2978}","data":""},{"id":9,"challenge_id":9,"type":"static","content":"njccic{latinhiding}","data":"case_insensitive"},{"id":10,"challenge_id":10,"type":"static","content":"njccic{ex!f-data-is-sneaky}","data":""},{"id":11,"challenge_id":11,"type":"static","content":"njccic{insecure-creds}","data":"case_insensitive"},{"id":12,"challenge_id":12,"type":"static","content":"njccic{Maybe-I-Should-Fix-This}","data":"case_insensitive"},{"id":13,"challenge_id":13,"type":"static","content":"njccic{julius-caesar-would-be-proud}","data":""},{"id":14,"challenge_id":14,"type":"static","content":"njccic{flag-unlocked!}","data":"case_insensitive"},{"id":15,"challenge_id":15,"type":"static","content":"njccic{wasted-your-time}","data":""},{"id":16,"challenge_id":16,"type":"static","content":"njccic{0992-8300}","data":""}],"meta":{}}