{"count":3,"results":[{"id":1,"title":"NJCCIC Group 9","route":"index","content":"<div class=\"row\">\r\n    <div class=\"col-md-6 offset-md-3\">\r\n        <img class=\"w-100 mx-auto d-block\" style=\"max-width: 500px;padding: 50px;padding-top: 14vh;\" src=\"/files/26bfaf8343ebb53a9c72e840eb69d5ad/njccic-banner.png\" />\r\n        <h3 class=\"text-center\">\r\n            <!-- <p>A cool CTF platform from <a href=\"https://ctfd.io\">ctfd.io</a></p>\r\n            <p>Follow us on social media:</p>\r\n            <a href=\"https://twitter.com/ctfdio\"><i class=\"fab fa-twitter fa-2x\" aria-hidden=\"true\"></i></a>&nbsp;\r\n            <a href=\"https://facebook.com/ctfdio\"><i class=\"fab fa-facebook fa-2x\" aria-hidden=\"true\"></i></a>&nbsp;\r\n            <a href=\"https://github.com/ctfd\"><i class=\"fab fa-github fa-2x\" aria-hidden=\"true\"></i></a> -->\r\n          <p>Welcome to NJCCIC Advanced Internship Group 9's CTF! If you need any help with challenges, please see <a href=\"./help\">this page.</a></p>\r\n        </h3>\r\n        <!-- <br>\r\n        <h4 class=\"text-center\">\r\n            <a href=\"admin\">Click here</a> to login and setup your CTF\r\n        </h4> -->\r\n    </div>\r\n</div>","draft":0,"hidden":0,"auth_required":0,"format":"markdown","link_target":null},{"id":2,"title":"Help","route":"help","content":"<h1>Help Page</h1>\r\n<p>Whenever you are struggling with answering CTF questions, please see this page.</p><br>\r\n\r\n<h2>Formatting</h2>\r\n- All flags will start with 'njccic' and be contained in curly brackets ('{ }') if not already<br>\r\n\r\n<h2>Cryptography</h2>\r\n<p>Some tools may be necessary to decode certain strings to find the flag. Below is a list of online tools that may help.<br>\r\n  - <a href=\"https://cryptii.com\">Cryptii</a> - modular conversion, encoding and encryption online<br>\r\n  - <a href=\"https://gchq.github.io/CyberChef/\">CyberChef</a> - encryption, encoding, compression and data analysis<br>\r\n  - <a href=\"https://www.dcode.fr/\">dCode</a> (may need to translate from French) - online ciphers, solvers, decoders, calculators<br>\r\n  - <a href=\"https://quipquip.com\">QuipQuip</a> - cryptoquip and cryptogram solver\r\n  \r\n\r\n</p>","draft":0,"hidden":0,"auth_required":0,"format":"markdown","link_target":null},{"id":3,"title":"WebUC","route":"https://aidanlenahan.github.io/njccic9-ctf","content":"","draft":0,"hidden":0,"auth_required":0,"format":"markdown","link_target":"_blank"}],"meta":{}}