{"count":24,"results":[{"id":2,"challenge_id":1,"user_id":1,"team_id":null},{"id":3,"challenge_id":1,"user_id":3,"team_id":null},{"id":4,"challenge_id":2,"user_id":3,"team_id":null},{"id":7,"challenge_id":3,"user_id":4,"team_id":null},{"id":9,"challenge_id":2,"user_id":4,"team_id":null},{"id":10,"challenge_id":3,"user_id":1,"team_id":null},{"id":11,"challenge_id":3,"user_id":3,"team_id":null},{"id":12,"challenge_id":5,"user_id":3,"team_id":null},{"id":13,"challenge_id":8,"user_id":1,"team_id":null},{"id":14,"challenge_id":7,"user_id":1,"team_id":null},{"id":16,"challenge_id":9,"user_id":1,"team_id":null},{"id":17,"challenge_id":11,"user_id":1,"team_id":null},{"id":18,"challenge_id":13,"user_id":3,"team_id":null},{"id":19,"challenge_id":14,"user_id":3,"team_id":null},{"id":20,"challenge_id":12,"user_id":1,"team_id":null},{"id":21,"challenge_id":10,"user_id":1,"team_id":null},{"id":22,"challenge_id":13,"user_id":1,"team_id":null},{"id":23,"challenge_id":14,"user_id":1,"team_id":null},{"id":24,"challenge_id":15,"user_id":1,"team_id":null},{"id":25,"challenge_id":2,"user_id":1,"team_id":null},{"id":33,"challenge_id":6,"user_id":1,"team_id":null},{"id":34,"challenge_id":5,"user_id":1,"team_id":null},{"id":35,"challenge_id":16,"user_id":3,"team_id":null},{"id":36,"challenge_id":15,"user_id":3,"team_id":null}],"meta":{}}