{"count":4,"results":[{"id":1,"oauth_id":null,"name":"9njccic","password":"$bcrypt-sha256$v=2,t=2b,r=12$doJndseyZMbqLk3HkSUkSu$F1Rf8RFWrA7/5kR8ZRtsPBjhODCn32m","email":"d9hhhh@gmail.com","type":"admin","secret":null,"website":null,"affiliation":null,"country":null,"hidden":1,"banned":0,"verified":1,"team_id":null,"created":"2025-09-20T23:23:38.106249","language":null,"bracket_id":null,"change_password":0},{"id":2,"oauth_id":null,"name":"bamboo","password":"$bcrypt-sha256$v=2,t=2b,r=12$u8kAwx3RgfppxFc4Gl1jZe$mC6iDxi76mu/ERv2DJdBU2uWnSkjJT.","email":"mahesh.himak@gmail.com","type":"user","secret":null,"website":null,"affiliation":null,"country":null,"hidden":0,"banned":0,"verified":1,"team_id":null,"created":"2025-09-20T23:27:00.927014","language":null,"bracket_id":null,"change_password":0},{"id":3,"oauth_id":null,"name":"testuser","password":"$bcrypt-sha256$v=2,t=2b,r=12$us83QgtmrZ7n1x9SPlo7Uu$3CvjTOwZ2Yhan2JoEFCqLFKZNexyLzK","email":"w@w.com","type":"user","secret":null,"website":null,"affiliation":null,"country":null,"hidden":0,"banned":0,"verified":1,"team_id":null,"created":"2025-09-22T14:31:20.978954","language":null,"bracket_id":null,"change_password":0},{"id":4,"oauth_id":null,"name":"slopey","password":"$bcrypt-sha256$v=2,t=2b,r=12$kF/SON5AvRFCQHsbRRaGhO$dbZG8VDWpfqPECLiuG862TR30qFXBr2","email":"thefoolal111silave@gmail.com","type":"user","secret":null,"website":null,"affiliation":null,"country":null,"hidden":0,"banned":0,"verified":0,"team_id":null,"created":"2025-09-23T16:58:59.211270","language":null,"bracket_id":null,"change_password":0}],"meta":{}}